"Id","sentiment"
1,2
2,3
3,3
4,3
5,3
6,1
7,1
8,2
9,2
10,2
11,2
12,3
13,2
14,3
15,1
16,1
17,3
18,2
19,1
20,2
21,1
22,3
23,3
24,1
25,1
26,3
27,1
28,2
29,1
30,1
31,3
32,2
33,1
34,2
35,1
36,1
37,2
38,2
39,2
40,3
41,1
42,3
43,1
44,1
45,1
46,2
47,1
48,3
49,1
50,1
51,2
52,3
53,1
54,1
55,2
56,1
57,3
58,1
59,1
60,3
61,2
62,2
63,2
64,3
65,3
66,1
67,3
68,1
69,2
70,3
71,2
72,3
73,3
74,3
75,2
76,2
77,2
78,1
79,2
80,2
81,1
82,1
83,1
84,3
85,2
86,3
87,3
88,2
89,2
90,1
91,1
92,2
93,3
94,2
95,2
96,3
97,2
98,3
99,3
100,3
101,2
102,1
103,3
104,1
105,2
106,2
107,2
108,2
109,2
110,3
111,3
112,2
113,1
114,3
115,2
116,3
117,2
118,1
119,2
120,3
121,2
122,2
123,3
124,2
125,3
126,1
127,2
128,1
129,3
130,1
131,3
132,2
133,3
134,1
135,1
136,3
137,3
138,1
139,1
140,3
141,1
142,2
143,3
144,3
145,1
146,3
147,3
148,3
149,3
150,2
151,3
152,3
153,1
154,2
155,2
156,3
157,2
158,3
159,2
160,3
161,2
162,2
163,2
164,1
165,2
166,2
167,3
168,2
169,1
170,2
171,1
172,3
173,3
174,1
175,3
176,3
177,1
178,3
179,1
180,1
181,1
182,3
183,1
184,3
185,1
186,2
187,1
188,1
189,1
190,3
191,3
192,2
193,1
194,2
195,1
196,2
197,3
198,3
199,1
200,1
201,3
202,3
203,3
204,1
205,2
206,1
207,2
208,2
209,3
210,3
211,3
212,1
213,1
214,2
215,1
216,2
217,1
218,2
219,3
220,3
221,3
222,2
223,2
224,1
225,3
226,2
227,2
228,1
229,2
230,3
231,2
232,2
233,2
234,1
235,2
236,1
237,1
238,3
239,1
240,3
241,3
242,3
243,3
244,1
245,1
246,3
247,3
248,3
249,3
250,1
251,1
252,2
253,2
254,1
255,1
256,3
257,3
258,3
259,1
260,3
261,3
262,2
263,1
264,3
265,1
266,1
267,3
268,3
269,3
270,3
271,3
272,2
273,2
274,1
275,3
276,3
277,2
278,2
279,3
280,3
281,3
282,3
283,3
284,2
285,2
286,3
287,2
288,1
289,2
290,3
291,3
292,2
293,2
294,1
295,2
296,1
297,2
298,2
299,2
300,1
301,2
302,1
303,2
304,2
305,2
306,3
307,2
308,1
309,1
310,3
311,1
312,3
313,2
314,2
315,3
316,3
317,2
318,3
319,3
320,3
321,2
322,1
323,3
324,3
325,3
326,1
327,2
328,2
329,1
330,3
331,2
332,1
333,1
334,2
335,3
336,3
337,1
338,1
339,1
340,1
341,2
342,1
343,2
344,2
345,1
346,3
347,3
348,1
349,1
350,1
351,2
352,1
353,3
354,1
355,1
356,2
357,2
358,3
359,2
360,2
361,3
362,3
363,3
364,3
365,2
366,1
367,2
368,3
369,1
370,3
371,3
372,1
373,2
374,2
375,1
376,3
377,1
378,1
379,2
380,3
381,2
382,3
383,3
384,3
385,2
386,3
387,3
388,2
389,3
390,1
391,2
392,1
393,2
394,3
395,1
396,3
397,2
398,2
399,3
400,1
401,2
402,1
403,2
404,1
405,1
406,3
407,1
408,1
409,2
410,3
411,2
412,1
413,2
414,3
415,1
416,3
417,1
418,1
419,3
420,1
421,1
422,3
423,3
424,1
425,2
426,1
427,1
428,1
429,2
430,2
431,3
432,1
433,3
434,3
435,1
436,2
437,2
438,1
439,1
440,1
441,1
442,2
443,1
444,2
445,2
446,2
447,2
448,1
449,1
450,1
451,3
452,3
453,1
454,3
455,2
456,3
457,1
458,3
459,3
460,3
461,2
462,3
463,3
464,2
465,3
466,3
467,2
468,3
469,3
470,3
471,2
472,2
473,1
474,3
475,3
476,1
477,3
478,3
479,2
480,3
481,3
482,2
483,2
484,3
485,3
486,3
487,1
488,3
489,2
490,2
491,1
492,1
493,2
494,1
495,3
496,3
497,1
498,3
499,1
500,1
501,2
502,1
503,3
504,2
505,1
506,2
507,1
508,2
509,2
510,2
511,3
512,1
513,2
514,1
515,3
516,2
517,3
518,3
519,2
520,2
521,1
522,3
523,3
524,1
525,1
526,3
527,3
528,3
529,3
530,1
531,3
532,2
533,3
534,1
535,1
536,2
537,2
538,2
539,3
540,2
541,2
542,2
543,3
544,2
545,3
546,1
547,3
548,2
549,2
550,3
551,2
552,2
553,1
554,3
555,3
556,3
557,1
558,2
559,2
560,2
561,3
562,2
563,2
564,3
565,3
566,1
567,1
568,2
569,1
570,2
571,3
572,3
573,3
574,3
575,3
576,1
577,3
578,2
579,3
580,2
581,3
582,1
583,3
584,1
585,2
586,2
587,1
588,1
589,3
590,1
591,3
592,2
593,1
594,2
595,3
596,3
597,3
598,2
599,2
600,3
601,3
602,1
603,1
604,3
605,1
606,1
607,1
608,1
609,3
610,1
611,3
612,2
613,2
614,1
615,1
616,3
617,1
618,2
619,2
620,1
621,1
622,1
623,1
624,2
625,1
626,3
627,1
628,3
629,1
630,3
631,3
632,1
633,1
634,2
635,1
636,3
637,1
638,1
639,3
640,1
641,2
642,2
643,3
644,1
645,1
646,1
647,2
648,2
649,3
650,2
651,1
652,3
653,1
654,1
655,1
656,2
657,1
658,2
659,1
660,3
661,2
662,3
663,1
664,1
665,3
666,1
667,2
668,1
669,3
670,3
671,3
672,2
673,1
674,1
675,3
676,2
677,1
678,3
679,1
680,2
681,1
682,3
683,1
684,1
685,1
686,1
687,2
688,3
689,2
690,2
691,2
692,1
693,2
694,1
695,1
696,3
697,3
698,1
699,1
700,3
701,3
702,1
703,3
704,1
705,1
706,2
707,3
708,3
709,3
710,1
711,1
712,3
713,1
714,3
715,3
716,2
717,3
718,1
719,1
720,2
721,2
722,1
723,3
724,1
725,3
726,2
727,3
728,2
729,1
730,1
731,2
732,1
733,1
734,2
735,1
736,3
737,3
738,1
739,1
740,3
741,1
742,2
743,2
744,2
745,3
746,3
747,3
748,1
749,1
750,2
751,3
752,2
753,2
754,3
755,3
756,1
757,1
758,3
759,2
760,2
761,1
762,2
763,3
764,2
765,3
766,3
767,3
768,2
769,3
770,3
771,2
772,3
773,3
774,1
775,2
776,1
777,3
778,3
779,1
780,3
781,1
782,1
783,3
784,1
785,1
786,2
787,1
788,2
789,1
790,1
791,1
792,1
793,3
794,2
795,1
796,3
797,3
798,1
799,2
800,2
801,3
802,1
803,3
804,1
805,2
806,1
807,3
808,2
809,2
810,1
811,1
812,1
813,3
814,1
815,2
816,1
817,1
818,3
819,1
820,1
821,3
822,1
823,3
824,1
825,1
826,1
827,1
828,3
829,2
830,2
831,3
832,2
833,3
834,1
835,1
836,2
837,2
838,2
839,2
840,3
841,3
842,2
843,2
844,2
845,1
846,3
847,1
848,3
849,1
850,2
851,2
852,2
853,3
854,1
855,2
856,3
857,2
858,2
859,1
860,1
861,1
862,3
863,3
864,3
865,2
866,2
867,2
868,1
869,2
870,1
871,3
872,3
873,2
874,3
875,3
876,2
877,1
878,3
879,2
880,3
881,1
882,1
883,1
884,3
885,2
886,2
887,3
888,2
889,2
890,1
891,1
892,3
893,1
894,2
895,2
896,2
897,3
898,1
899,2
900,2
901,2
902,2
903,3
904,3
905,3
906,1
907,3
908,1
909,2
910,2
911,3
912,1
913,2
914,3
915,1
916,2
917,2
918,3
919,3
920,1
921,3
922,1
923,3
924,2
925,3
926,2
927,3
928,2
929,2
930,3
931,3
932,1
933,2
934,3
935,1
936,2
937,2
938,1
939,3
940,2
941,1
942,2
943,1
944,3
945,3
946,2
947,1
948,2
949,1
950,3
951,2
952,3
953,2
954,3
955,1
956,2
957,1
958,3
959,2
960,2
961,1
962,3
963,3
964,1
965,1
966,2
967,1
968,2
969,3
970,2
971,3
972,3
973,2
974,1
975,3
976,2
977,2
978,1
979,1
980,1
981,3
982,2
983,1
984,2
985,1
986,2
987,1
988,3
989,2
990,2
991,3
992,1
993,3
994,3
995,1
996,2
997,2
998,2
999,3
1000,1
1001,1
1002,3
1003,2
1004,2
1005,1
1006,1
1007,1
1008,3
1009,3
1010,1
1011,1
1012,3
1013,1
1014,2
1015,2
1016,1
1017,2
1018,3
1019,1
1020,2
1021,2
1022,2
1023,2
1024,1
1025,3
1026,3
1027,2
1028,1
1029,1
1030,1
1031,3
1032,1
1033,3
1034,2
1035,3
1036,1
1037,1
1038,1
1039,1
1040,1
1041,2
1042,2
1043,2
1044,3
1045,3
1046,1
1047,3
1048,1
1049,1
1050,1
1051,1
1052,1
1053,2
1054,2
1055,2
1056,1
1057,2
1058,2
1059,1
1060,2
1061,1
1062,1
1063,3
1064,2
1065,1
1066,1
1067,2
1068,3
1069,1
1070,2
1071,2
1072,3
1073,1
1074,3
1075,1
1076,2
1077,3
1078,1
1079,2
1080,3
1081,2
1082,3
1083,2
1084,1
1085,3
1086,2
1087,2
1088,1
1089,3
1090,2
1091,2
1092,2
1093,3
1094,1
1095,2
1096,3
1097,3
1098,2
1099,1
1100,3
1101,2
1102,2
1103,2
1104,1
1105,1
1106,2
1107,1
1108,2
1109,3
1110,3
1111,2
1112,1
1113,2
1114,2
1115,1
1116,2
1117,3
1118,3
1119,1
1120,2
1121,1
1122,3
1123,3
1124,3
1125,3
1126,3
1127,3
1128,3
1129,2
1130,3
1131,1
1132,2
1133,1
1134,2
1135,1
1136,3
1137,1
1138,3
1139,3
1140,2
1141,1
1142,3
1143,3
1144,3
1145,2
1146,1
1147,2
1148,1
1149,2
1150,3
1151,1
1152,1
1153,1
1154,3
1155,1
1156,1
1157,2
1158,2
1159,1
1160,1
1161,2
1162,2
1163,1
1164,2
1165,2
1166,2
1167,3
1168,2
1169,2
1170,3
1171,2
1172,3
1173,3
1174,3
1175,3
1176,1
1177,3
1178,1
1179,1
1180,2
1181,2
1182,1
1183,2
1184,1
1185,1
1186,2
1187,3
1188,3
1189,1
1190,2
1191,1
1192,3
1193,1
1194,1
1195,1
1196,1
1197,2
1198,2
1199,3
1200,3
1201,3
1202,1
1203,1
1204,3
1205,1
1206,2
1207,3
1208,3
1209,1
1210,2
1211,1
1212,2
1213,3
1214,1
1215,3
1216,2
1217,3
1218,2
1219,3
1220,1
1221,2
1222,2
1223,3
1224,2
1225,1
1226,3
1227,2
1228,3
1229,3
1230,1
1231,1
1232,3
1233,2
1234,2
1235,1
1236,1
1237,2
1238,3
1239,3
1240,2
1241,2
1242,1
1243,1
1244,1
1245,2
1246,2
1247,3
1248,3
1249,1
1250,1
1251,2
1252,3
1253,2
1254,1
1255,3
1256,1
1257,1
1258,1
1259,1
1260,1
1261,3
1262,3
1263,1
1264,2
1265,3
1266,1
1267,3
1268,1
1269,1
1270,3
1271,3
1272,2
1273,3
1274,3
1275,2
1276,3
1277,3
1278,1
1279,1
1280,1
1281,2
1282,2
1283,2
1284,2
1285,2
1286,1
1287,3
1288,3
1289,1
1290,1
1291,2
1292,1
1293,1
1294,2
1295,1
1296,3
1297,3
1298,1
1299,1
1300,3
1301,1
1302,3
1303,1
1304,3
1305,2
1306,2
1307,3
1308,3
1309,3
1310,2
1311,2
1312,1
1313,2
1314,2
1315,1
1316,3
1317,3
1318,2
1319,1
1320,3
1321,2
1322,3
1323,1
1324,3
1325,1
1326,1
1327,2
1328,3
1329,2
1330,1
1331,2
1332,1
1333,2
1334,1
1335,3
1336,3
1337,3
1338,1
1339,3
1340,2
1341,3
1342,1
1343,3
1344,3
1345,3
1346,1
1347,3
1348,2
1349,1
1350,3
1351,3
1352,3
1353,1
1354,3
1355,1
1356,3
1357,3
1358,2
1359,1
1360,2
1361,3
1362,1
1363,1
1364,2
1365,2
1366,3
1367,3
1368,1
1369,3
1370,2
1371,1
1372,3
1373,2
1374,3
1375,2
1376,3
1377,3
1378,1
1379,1
1380,1
1381,1
1382,1
1383,3
1384,1
1385,2
1386,3
1387,1
1388,1
1389,2
1390,3
1391,2
1392,3
1393,3
1394,3
1395,1
1396,3
1397,3
1398,3
1399,3
1400,1
1401,2
1402,2
1403,1
1404,2
1405,3
1406,3
1407,1
1408,3
1409,3
1410,2
1411,2
1412,2
1413,3
1414,1
1415,2
1416,2
1417,1
1418,1
1419,1
1420,2
1421,1
1422,3
1423,2
1424,3
1425,2
1426,1
1427,1
1428,3
1429,2
1430,2
1431,3
1432,2
1433,3
1434,3
1435,2
1436,2
1437,3
1438,3
1439,3
1440,3
1441,2
1442,2
1443,2
1444,1
1445,2
1446,3
1447,3
1448,3
1449,2
1450,3
1451,2
1452,2
1453,3
1454,1
1455,2
1456,2
1457,3
1458,1
1459,2
1460,1
1461,1
1462,1
1463,3
1464,3
1465,2
1466,2
1467,2
1468,2
1469,3
1470,3
1471,2
1472,1
1473,2
1474,2
1475,3
1476,1
1477,3
1478,1
1479,1
1480,1
1481,1
1482,3
1483,3
1484,2
1485,1
1486,2
1487,1
1488,1
1489,1
1490,3
1491,3
1492,1
1493,2
1494,1
1495,1
1496,3
1497,3
1498,2
1499,2
1500,1
1501,1
1502,1
1503,3
1504,2
1505,3
1506,2
1507,2
1508,1
1509,2
1510,3
1511,3
1512,3
1513,2
1514,1
1515,3
1516,2
1517,2
1518,2
1519,2
1520,1
1521,3
1522,1
1523,1
1524,2
1525,3
1526,2
1527,1
1528,2
1529,3
1530,2
1531,2
1532,1
1533,2
1534,2
1535,2
1536,3
1537,3
1538,2
1539,3
1540,2
1541,1
1542,1
1543,2
1544,3
1545,1
1546,3
1547,2
1548,3
1549,1
1550,1
1551,3
1552,2
1553,2
1554,3
1555,2
1556,2
1557,3
1558,3
1559,3
1560,1
1561,3
1562,3
1563,3
1564,2
1565,1
1566,1
1567,3
1568,2
1569,3
1570,1
1571,1
1572,2
1573,3
1574,2
1575,2
1576,1
1577,2
1578,1
1579,2
1580,3
1581,2
1582,2
1583,2
1584,1
1585,1
1586,1
1587,3
1588,3
1589,2
1590,2
1591,1
1592,1
1593,2
1594,1
1595,1
1596,3
1597,3
1598,1
1599,3
1600,3
1601,3
1602,2
1603,2
1604,3
1605,1
1606,3
1607,1
1608,3
1609,2
1610,2
1611,1
1612,3
1613,2
1614,1
1615,1
1616,3
1617,1
1618,2
1619,2
1620,3
1621,2
1622,3
1623,3
1624,1
1625,3
1626,2
1627,3
1628,1
1629,3
1630,1
1631,2
1632,2
1633,3
1634,3
1635,3
1636,3
1637,1
1638,1
1639,2
1640,1
1641,2
1642,2
1643,3
1644,2
1645,1
1646,2
1647,1
1648,2
1649,2
1650,2
1651,3
1652,1
1653,3
1654,3
1655,3
1656,2
1657,1
1658,3
1659,1
1660,3
1661,2
1662,3
1663,1
1664,2
1665,1
1666,3
1667,2
1668,2
1669,3
1670,3
1671,3
1672,2
1673,3
1674,3
1675,3
1676,2
1677,3
1678,1
1679,1
1680,1
1681,3
1682,1
1683,2
1684,3
1685,2
1686,3
1687,3
1688,2
1689,1
1690,1
1691,1
1692,3
1693,3
1694,2
1695,1
1696,2
1697,3
1698,1
1699,1
1700,1
1701,1
1702,2
1703,2
1704,1
1705,3
1706,2
1707,2
1708,2
1709,3
1710,2
1711,2
1712,2
1713,1
1714,1
1715,3
1716,2
1717,3
1718,3
1719,1
1720,2
1721,1
1722,2
1723,1
1724,3
1725,1
1726,1
1727,2
1728,3
1729,2
1730,2
1731,1
1732,1
1733,2
1734,2
1735,2
1736,1
1737,2
1738,3
1739,2
1740,1
1741,3
1742,2
1743,2
1744,1
1745,3
1746,3
1747,3
1748,1
1749,1
1750,1
1751,3
1752,2
1753,2
1754,2
1755,2
1756,3
1757,2
1758,3
1759,1
1760,3
1761,2
1762,1
1763,2
1764,3
1765,1
1766,2
1767,1
1768,2
1769,3
1770,3
1771,2
1772,2
1773,2
1774,1
1775,3
1776,3
1777,3
1778,1
1779,3
1780,3
1781,1
1782,3
1783,1
1784,3
1785,3
1786,3
1787,2
1788,2
1789,2
1790,1
1791,2
1792,2
1793,3
1794,3
1795,3
1796,2
1797,2
1798,2
1799,3
1800,3
1801,1
1802,1
1803,2
1804,3
1805,2
1806,2
1807,2
1808,1
1809,3
1810,3
1811,1
1812,1
1813,1
1814,2
1815,1
1816,3
1817,3
1818,2
1819,1
1820,3
1821,2
1822,3
1823,3
1824,2
1825,1
1826,1
1827,3
1828,3
1829,1
1830,1
1831,1
1832,2
1833,3
1834,3
1835,1
1836,1
1837,1
1838,2
1839,1
1840,3
1841,3
1842,1
1843,1
1844,2
1845,2
1846,3
1847,3
1848,1
1849,1
1850,3
1851,2
1852,2
1853,3
1854,1
1855,3
1856,2
1857,1
1858,1
1859,2
1860,1
1861,1
1862,1
1863,3
1864,3
1865,2
1866,3
1867,3
1868,3
1869,3
1870,1
1871,2
1872,1
1873,2
1874,3
1875,1
1876,3
1877,3
1878,3
1879,1
1880,3
1881,1
1882,2
1883,1
1884,3
1885,3
1886,1
1887,2
1888,3
1889,3
1890,1
1891,3
1892,1
1893,2
1894,1
1895,3
1896,2
1897,1
1898,1
1899,1
1900,1
1901,3
1902,1
1903,3
1904,3
1905,1
1906,1
1907,2
1908,3
1909,3
1910,1
1911,3
1912,3
1913,2
1914,3
1915,3
1916,2
1917,3
1918,2
1919,3
1920,2
1921,3
1922,3
1923,3
1924,1
1925,2
1926,2
1927,1
1928,1
1929,3
1930,1
1931,3
1932,3
1933,1
1934,2
1935,2
1936,1
1937,1
1938,1
1939,1
1940,2
1941,2
1942,1
1943,3
1944,3
1945,1
1946,1
1947,3
1948,2
1949,1
1950,3
1951,2
1952,1
1953,3
1954,3
1955,1
1956,1
1957,2
1958,2
1959,2
1960,3
1961,2
1962,2
1963,1
1964,1
1965,1
1966,3
1967,3
1968,2
1969,2
1970,3
1971,1
1972,2
1973,3
1974,1
1975,1
1976,2
1977,2
1978,2
1979,2
1980,1
1981,1
1982,1
1983,1
1984,1
1985,1
1986,3
1987,2
1988,3
1989,1
1990,1
1991,1
1992,2
1993,2
1994,2
1995,2
1996,3
1997,2
1998,2
1999,1
2000,2
2001,3
2002,3
2003,1
2004,3
2005,3
2006,1
2007,3
2008,2
2009,1
2010,3
2011,2
2012,1
2013,1
2014,1
2015,3
2016,3
2017,2
2018,3
2019,2
2020,3
2021,3
2022,2
2023,2
2024,1
2025,3
2026,3
2027,1
2028,2
2029,2
2030,2
2031,3
2032,2
2033,2
2034,1
2035,2
2036,3
2037,3
2038,3
2039,3
2040,1
2041,1
2042,3
2043,1
2044,2
2045,2
2046,2
2047,3
2048,3
2049,3
2050,2
2051,3
2052,1
2053,2
2054,2
2055,3
2056,2
2057,1
2058,1
2059,1
2060,3
2061,3
2062,2
2063,2
2064,3
2065,1
2066,3
2067,2
2068,1
2069,2
2070,3
2071,3
2072,2
2073,1
2074,3
2075,1
2076,1
2077,1
2078,1
2079,2
2080,1
2081,2
2082,3
2083,2
2084,1
2085,3
2086,2
2087,1
2088,3
2089,2
2090,3
2091,3
2092,2
2093,1
2094,2
2095,1
2096,3
2097,3
2098,1
2099,2
2100,1
2101,2
2102,2
2103,2
2104,1
2105,2
2106,2
2107,3
2108,1
2109,2
2110,1
2111,2
2112,1
2113,3
2114,3
2115,1
2116,3
2117,1
2118,2
2119,3
2120,2
2121,1
2122,3
2123,1
2124,2
2125,1
2126,2
2127,3
2128,3
2129,2
2130,2
2131,2
2132,2
2133,3
2134,1
2135,2
2136,3
2137,2
2138,1
2139,3
2140,3
2141,3
2142,2
2143,1
2144,1
2145,3
2146,1
2147,3
2148,1
2149,2
2150,3
2151,1
2152,1
2153,1
2154,1
2155,3
2156,3
2157,1
2158,1
2159,2
2160,3
2161,2
2162,3
2163,2
2164,2
2165,2
2166,3
2167,2
2168,2
2169,3
2170,2
2171,1
2172,3
2173,3
2174,2
2175,3
2176,2
2177,1
2178,1
2179,1
2180,3
2181,1
2182,1
2183,3
2184,1
2185,3
2186,1
2187,3
2188,2
2189,3
2190,3
2191,1
2192,3
2193,1
2194,3
2195,2
2196,3
2197,2
2198,2
2199,3
2200,1
2201,2
2202,3
2203,3
2204,2
2205,2
2206,1
2207,3
2208,3
2209,1
2210,2
2211,3
2212,3
2213,2
2214,2
2215,3
2216,2
2217,2
2218,3
2219,3
2220,2
2221,2
2222,2
2223,3
2224,3
2225,3
2226,1
2227,1
2228,2
2229,2
2230,3
2231,3
2232,2
2233,1
2234,2
2235,2
2236,2
2237,1
2238,3
2239,1
2240,3
2241,2
2242,2
2243,2
2244,1
2245,3
2246,1
2247,1
2248,2
2249,3
2250,3
2251,3
2252,1
2253,2
2254,3
2255,2
2256,2
2257,2
2258,2
2259,1
2260,1
2261,2
2262,2
2263,3
2264,1
2265,2
2266,3
2267,2
2268,1
2269,1
2270,2
2271,2
2272,3
2273,2
2274,1
2275,2
2276,3
2277,1
2278,2
2279,2
2280,3
2281,3
2282,3
2283,2
2284,3
2285,1
2286,3
2287,1
2288,2
2289,1
2290,2
2291,1
2292,1
2293,2
2294,1
2295,3
2296,2
2297,3
2298,2
2299,2
2300,3
2301,1
2302,2
2303,3
2304,2
2305,3
2306,2
2307,3
2308,1
2309,2
2310,3
2311,1
2312,3
2313,3
2314,2
2315,3
2316,3
2317,2
2318,3
2319,2
2320,2
2321,2
2322,2
2323,3
2324,2
2325,2
2326,3
2327,2
2328,1
2329,1
2330,2
2331,3
2332,1
2333,3
2334,1
2335,1
2336,1
2337,1
2338,3
2339,3
2340,1
2341,1
2342,2
2343,3
2344,1
2345,3
2346,3
2347,3
2348,1
2349,1
2350,1
2351,2
2352,1
2353,1
2354,3
2355,1
2356,1
2357,2
2358,2
2359,1
2360,3
2361,3
2362,2
2363,2
2364,1
2365,1
2366,3
2367,3
2368,1
2369,2
2370,3
2371,2
2372,3
2373,1
2374,2
2375,3
2376,3
2377,3
2378,2
2379,2
2380,2
2381,2
2382,1
2383,3
2384,1
2385,1
2386,3
2387,2
2388,3
2389,3
2390,1
2391,1
2392,2
2393,3
2394,2
2395,3
2396,3
2397,1
2398,1
2399,3
2400,2
2401,3
2402,2
2403,1
2404,1
2405,1
2406,2
2407,1
2408,2
2409,1
2410,1
2411,3
2412,3
2413,2
2414,1
2415,2
2416,3
2417,3
2418,1
2419,3
2420,2
2421,3
2422,1
2423,3
2424,2
2425,3
2426,3
2427,3
2428,1
2429,1
2430,1
2431,2
2432,2
2433,1
2434,2
2435,2
2436,2
2437,2
2438,2
2439,1
2440,1
2441,3
2442,2
2443,2
2444,3
2445,3
2446,2
2447,1
2448,1
2449,3
2450,3
2451,1
2452,2
2453,2
2454,3
2455,3
2456,1
2457,3
2458,3
2459,1
2460,3
2461,2
2462,1
2463,1
2464,3
2465,2
2466,1
2467,2
2468,1
2469,3
2470,2
2471,1
2472,2
2473,2
2474,1
2475,2
2476,1
2477,2
2478,2
2479,1
2480,3
2481,2
2482,1
2483,3
2484,1
2485,1
2486,2
2487,2
2488,2
2489,3
2490,3
2491,3
2492,1
2493,2
2494,2
2495,2
2496,3
2497,2
2498,1
2499,3
2500,2
2501,3
2502,2
2503,3
2504,1
2505,2
2506,1
2507,1
2508,3
2509,1
2510,1
2511,2
2512,1
2513,1
2514,2
2515,1
2516,3
2517,2
2518,3
2519,3
2520,3
2521,3
2522,3
2523,3
2524,2
2525,2
2526,1
2527,1
2528,1
2529,1
2530,1
2531,3
2532,2
2533,1
2534,2
2535,2
2536,3
2537,1
2538,1
2539,1
2540,1
2541,2
2542,3
2543,3
2544,2
2545,3
2546,2
2547,2
2548,1
2549,3
2550,1
2551,2
2552,2
2553,1
2554,1
2555,3
2556,2
2557,2
2558,2
2559,3
2560,3
2561,3
2562,2
2563,1
2564,2
2565,1
2566,1
2567,3
2568,1
2569,2
2570,1
2571,3
2572,2
2573,1
2574,1
2575,2
2576,3
2577,3
2578,3
2579,1
2580,1
2581,2
2582,3
2583,2
2584,3
2585,3
2586,1
2587,1
2588,2
2589,1
2590,1
2591,1
2592,3
2593,1
2594,2
2595,3
2596,3
2597,1
2598,1
2599,1
2600,3
2601,1
2602,2
2603,2
2604,3
2605,2
2606,1
2607,3
2608,3
2609,1
2610,3
2611,2
2612,2
2613,2
2614,3
2615,3
2616,2
2617,2
2618,1
2619,3
2620,3
2621,1
2622,3
2623,2
2624,3
2625,1
2626,1
2627,2
2628,1
2629,2
2630,2
2631,2
2632,3
2633,2
2634,1
2635,2
2636,2
2637,1
2638,1
2639,2
2640,3
2641,3
2642,2
2643,1
2644,3
2645,3
2646,2
2647,1
2648,1
2649,2
2650,3
2651,2
2652,2
2653,3
2654,2
2655,2
2656,3
2657,3
2658,1
2659,3
2660,1
2661,1
2662,2
2663,2
2664,1
2665,2
2666,1
2667,2
2668,3
2669,3
2670,2
2671,2
2672,3
2673,3
2674,3
2675,3
2676,3
2677,2
2678,1
2679,2
2680,2
2681,3
2682,2
2683,1
2684,3
2685,3
2686,3
2687,2
2688,1
2689,3
2690,1
2691,2
2692,2
2693,1
2694,2
2695,1
2696,2
2697,1
2698,2
2699,2
2700,2
2701,2
2702,3
2703,3
2704,2
2705,3
2706,2
2707,3
2708,1
2709,3
2710,2
2711,1
2712,3
2713,3
2714,2
2715,1
2716,2
2717,3
2718,2
2719,3
2720,3
2721,2
2722,1
2723,2
2724,2
2725,3
2726,1
2727,1
2728,3
2729,1
2730,3
2731,1
2732,3
2733,3
2734,2
2735,1
2736,3
2737,3
2738,3
2739,2
2740,2
2741,1
2742,1
2743,1
2744,2
2745,2
2746,3
2747,1
2748,2
2749,1
2750,3
2751,2
2752,1
2753,1
2754,3
2755,1
2756,2
2757,1
2758,1
2759,2
2760,3
2761,3
2762,2
2763,3
2764,2
2765,1
2766,3
2767,2
2768,2
2769,3
2770,1
2771,3
2772,2
2773,3
2774,3
2775,1
2776,2
2777,3
2778,3
2779,1
2780,3
2781,3
2782,3
2783,1
2784,3
2785,3
2786,2
2787,2
2788,1
2789,1
2790,2
2791,2
2792,1
2793,1
2794,1
2795,2
2796,3
2797,3
2798,1
2799,1
2800,2
2801,2
2802,3
2803,1
2804,1
2805,2
2806,2
2807,1
2808,2
2809,1
2810,1
2811,3
2812,2
2813,3
2814,1
2815,1
2816,3
2817,1
2818,3
2819,1
2820,1
2821,3
2822,3
2823,1
2824,2
2825,1
2826,3
2827,2
2828,3
2829,3
2830,2
2831,3
2832,1
2833,2
2834,3
2835,3
2836,2
2837,3
2838,1
2839,1
2840,2
2841,3
2842,3
2843,1
2844,2
2845,3
2846,1
2847,2
2848,3
2849,1
2850,3
2851,1
2852,2
2853,2
2854,1
2855,2
2856,2
2857,3
2858,1
2859,1
2860,3
2861,1
2862,2
2863,2
2864,2
2865,2
2866,2
2867,1
2868,2
2869,1
2870,3
2871,1
2872,2
2873,3
2874,2
2875,1
2876,2
2877,2
2878,1
2879,1
2880,3
2881,2
2882,2
2883,3
2884,1
2885,1
2886,3
2887,3
2888,1
2889,1
2890,1
2891,1
2892,1
2893,3
2894,3
2895,2
2896,2
2897,3
2898,2
2899,1
2900,3
2901,1
2902,3
2903,2
2904,3
2905,2
2906,2
2907,1
2908,3
2909,1
2910,2
2911,2
2912,3
2913,1
2914,3
2915,2
2916,1
2917,2
2918,1
2919,2
2920,1
2921,2
2922,3
2923,3
2924,2
2925,3
2926,2
2927,1
2928,2
2929,2
2930,3
2931,3
2932,3
2933,1
2934,3
2935,2
2936,1
2937,2
2938,3
2939,2
2940,1
2941,2
2942,3
2943,2
2944,3
2945,3
2946,3
2947,1
2948,3
2949,3
2950,1
2951,3
2952,3
2953,1
2954,3
2955,2
2956,1
2957,3
2958,1
2959,1
2960,3
2961,1
2962,3
2963,2
2964,2
2965,3
2966,1
2967,2
2968,2
2969,2
2970,1
2971,1
2972,3
2973,2
2974,1
2975,1
2976,1
2977,2
2978,3
2979,2
2980,3
2981,2
2982,3
2983,1
2984,2
2985,1
2986,3
2987,3
2988,1
2989,3
2990,2
2991,1
2992,2
2993,3
2994,3
2995,1
2996,3
2997,1
2998,2
2999,1
3000,3
3001,3
3002,3
3003,2
3004,2
3005,1
3006,3
3007,1
3008,2
3009,2
3010,2
3011,1
3012,2
3013,1
3014,2
3015,2
3016,2
3017,2
3018,3
3019,1
3020,1
3021,3
3022,2
3023,3
3024,3
3025,2
3026,3
3027,2
3028,2
3029,2
3030,2
3031,2
3032,3
3033,3
3034,1
3035,1
3036,3
3037,2
3038,2
3039,3
3040,1
3041,1
3042,1
3043,1
3044,2
3045,2
3046,1
3047,1
3048,3
3049,1
3050,2
3051,2
3052,2
3053,3
3054,3
3055,1
3056,2
3057,1
3058,1
3059,2
3060,2
3061,2
3062,3
3063,1
3064,3
3065,1
3066,1
3067,2
3068,1
3069,1
3070,3
3071,2
3072,2
3073,2
3074,1
3075,1
3076,1
3077,1
3078,3
3079,3
3080,2
3081,3
3082,1
3083,1
3084,3
3085,3
3086,2
3087,3
3088,2
3089,1
3090,2
3091,3
3092,3
3093,3
3094,3
3095,2
3096,2
3097,2
3098,2
3099,2
3100,2
3101,2
3102,2
3103,3
3104,1
3105,3
3106,1
3107,2
3108,1
3109,2
3110,2
3111,1
3112,1
3113,2
3114,2
3115,3
3116,3
3117,3
3118,2
3119,2
3120,3
3121,3
3122,3
3123,3
3124,3
3125,1
3126,1
3127,2
3128,3
3129,3
3130,2
3131,2
3132,3
3133,1
3134,2
3135,2
3136,1
3137,3
3138,3
3139,3
3140,2
3141,3
3142,3
3143,2
3144,1
3145,1
3146,1
3147,2
3148,3
3149,3
3150,2
3151,3
3152,1
3153,3
3154,1
3155,1
3156,3
3157,3
3158,2
3159,3
3160,2
3161,3
3162,3
3163,3
3164,3
3165,2
3166,1
3167,3
3168,2
3169,3
3170,3
3171,2
3172,3
3173,1
3174,3
3175,2
3176,3
3177,3
3178,3
3179,2
3180,1
3181,3
3182,1
3183,3
3184,1
3185,3
3186,3
3187,3
3188,3
3189,1
3190,3
3191,2
3192,3
3193,2
3194,1
3195,1
3196,1
3197,2
3198,3
3199,2
3200,1
3201,3
3202,2
3203,3
3204,2
3205,3
3206,3
3207,1
3208,1
3209,2
3210,1
3211,3
3212,2
3213,1
3214,3
3215,3
3216,3
3217,3
3218,2
3219,3
3220,3
3221,1
3222,3
3223,3
3224,1
3225,2
3226,3
3227,2
3228,3
3229,2
3230,2
3231,2
3232,3
3233,2
3234,2
3235,2
3236,1
3237,1
3238,2
3239,2
3240,2
3241,2
3242,2
3243,1
3244,3
3245,1
3246,3
3247,3
3248,1
3249,3
3250,1
3251,2
3252,2
3253,2
3254,3
3255,2
3256,3
3257,1
3258,1
3259,3
3260,3
3261,3
3262,1
3263,3
3264,1
3265,2
3266,1
3267,2
3268,1
3269,1
3270,1
3271,3
3272,3
3273,1
3274,1
3275,1
3276,1
3277,3
3278,2
3279,2
3280,2
3281,2
3282,2
3283,1
3284,1
3285,1
3286,3
3287,2
3288,3
3289,3
3290,1
3291,3
3292,1
3293,2
3294,3
3295,3
3296,3
3297,1
3298,2
3299,2
3300,3
3301,1
3302,1
3303,2
3304,3
3305,1
3306,2
3307,3
3308,2
3309,2
3310,1
3311,1
3312,1
3313,2
3314,1
3315,3
3316,2
3317,2
3318,1
3319,3
3320,2
3321,2
3322,1
3323,2
3324,1
3325,3
3326,2
3327,1
3328,2
3329,2
3330,3
3331,1
3332,2
3333,1
3334,3
3335,3
3336,1
3337,2
3338,2
3339,2
3340,3
3341,2
3342,3
3343,1
3344,1
3345,2
3346,1
3347,2
3348,3
3349,2
3350,1
3351,3
3352,2
3353,2
3354,1
3355,2
3356,3
3357,1
3358,1
3359,1
3360,2
3361,2
3362,3
3363,2
3364,2
3365,1
3366,1
3367,1
3368,1
3369,3
3370,2
3371,2
3372,3
3373,1
3374,2
3375,1
3376,3
3377,2
3378,1
3379,2
3380,1
3381,2
3382,1
3383,1
3384,2
3385,1
3386,2
3387,1
3388,2
3389,1
3390,1
3391,1
3392,1
3393,3
3394,3
3395,1
3396,1
3397,1
3398,3
3399,1
3400,1
3401,1
3402,1
3403,2
3404,3
3405,1
3406,2
3407,1
3408,3
3409,1
3410,1
3411,1
3412,2
3413,2
3414,3
3415,3
3416,3
3417,3
3418,3
3419,1
3420,3
3421,1
3422,2
3423,1
3424,1
3425,1
3426,3
3427,2
3428,2
3429,2
3430,2
3431,3
3432,2
3433,1
3434,2
3435,1
3436,1
3437,1
3438,3
3439,2
3440,2
3441,3
3442,2
3443,1
3444,1
3445,3
3446,1
3447,3
3448,3
3449,2
3450,2
3451,3
3452,3
3453,3
3454,3
3455,1
3456,2
3457,2
3458,2
3459,1
3460,3
3461,3
3462,3
3463,2
3464,1
3465,1
3466,2
3467,2
3468,2
3469,3
3470,2
3471,3
3472,1
3473,3
3474,3
3475,2
3476,2
3477,1
3478,2
3479,3
3480,1
3481,1
3482,3
3483,3
3484,2
3485,3
3486,3
3487,1
3488,1
3489,2
3490,2
3491,2
3492,2
3493,3
3494,3
3495,1
3496,3
3497,1
3498,2
3499,1
3500,3
3501,2
3502,2
3503,3
3504,3
3505,3
3506,2
3507,1
3508,3
3509,2
3510,1
3511,2
3512,1
3513,2
3514,2
3515,3
3516,2
3517,1
3518,3
3519,3
3520,2
3521,3
3522,2
3523,1
3524,3
3525,2
3526,2
3527,1
3528,3
3529,2
3530,1
3531,2
3532,2
3533,3
3534,3
3535,1
3536,3
3537,1
3538,1
3539,3
3540,1
3541,3
3542,2
3543,2
3544,1
3545,1
3546,3
3547,1
3548,1
3549,3
3550,2
3551,3
3552,2
3553,2
3554,1
3555,1
3556,3
3557,1
3558,1
3559,2
3560,3
3561,2
3562,2
3563,1
3564,1
3565,3
3566,3
3567,1
3568,3
3569,2
3570,1
3571,3
3572,3
3573,2
3574,1
3575,1
3576,2
3577,2
3578,1
3579,1
3580,2
3581,2
3582,2
3583,2
3584,2
3585,3
3586,2
3587,1
3588,2
3589,3
3590,2
3591,1
3592,2
3593,1
3594,3
3595,3
3596,3
3597,3
3598,1
3599,3
3600,3
3601,2
3602,3
3603,3
3604,2
3605,1
3606,1
3607,3
3608,3
3609,2
3610,3
3611,3
3612,2
3613,3
3614,3
3615,3
3616,2
3617,3
3618,1
3619,1
3620,1
3621,2
3622,3
3623,2
3624,3
3625,2
3626,3
3627,1
3628,3
3629,2
3630,1
3631,3
3632,1
3633,1
3634,3
3635,2
3636,3
3637,3
3638,1
3639,1
3640,2
3641,3
3642,2
3643,1
3644,2
3645,1
3646,2
3647,2
3648,3
3649,2
3650,1
3651,1
3652,1
3653,2
3654,1
3655,3
3656,2
3657,3
3658,3
3659,3
3660,1
3661,2
3662,3
3663,2
3664,3
3665,1
3666,2
3667,2
3668,1
3669,3
3670,1
3671,3
3672,2
3673,1
3674,1
3675,2
3676,1
3677,1
3678,1
3679,1
3680,3
3681,3
3682,1
3683,3
3684,2
3685,3
3686,1
3687,2
3688,1
3689,2
3690,3
3691,1
3692,3
3693,3
3694,3
3695,3
3696,1
3697,2
3698,2
3699,1
3700,1
3701,3
3702,1
3703,3
3704,2
3705,1
3706,3
3707,1
3708,3
3709,1
3710,2
3711,1
3712,2
3713,1
3714,1
3715,3
3716,2
3717,3
3718,3
3719,3
3720,3
3721,1
3722,2
3723,1
3724,1
3725,3
3726,1
3727,3
3728,1
3729,2
3730,1
3731,2
3732,2
3733,2
3734,3
3735,2
3736,3
3737,1
3738,1
3739,3
3740,2
3741,2
3742,2
3743,1
3744,3
3745,3
3746,1
3747,1
3748,1
3749,2
3750,1
3751,1
3752,3
3753,1
3754,2
3755,2
3756,2
3757,2
3758,1
3759,3
3760,3
3761,3
3762,3
3763,3
3764,1
3765,2
3766,3
3767,1
3768,3
3769,2
3770,2
3771,3
3772,1
3773,1
3774,1
3775,3
3776,2
3777,3
3778,1
3779,2
3780,1
3781,2
3782,2
3783,1
3784,2
3785,3
3786,1
3787,1
3788,2
3789,3
3790,3
3791,2
3792,3
3793,2
3794,1
3795,2
3796,2
3797,2
3798,2
3799,3
3800,2
3801,2
3802,3
3803,3
3804,2
3805,3
3806,1
3807,2
3808,1
3809,3
3810,2
3811,3
3812,2
3813,3
3814,3
3815,2
3816,1
3817,1
3818,2
3819,1
3820,1
3821,3
3822,2
3823,1
3824,1
3825,1
3826,2
3827,3
3828,2
3829,3
3830,1
3831,1
3832,3
3833,2
3834,2
3835,3
3836,2
3837,2
3838,1
3839,1
3840,3
3841,1
3842,2
3843,2
3844,1
3845,1
3846,2
3847,3
3848,1
3849,2
3850,3
3851,3
3852,2
3853,3
3854,3
3855,2
3856,1
3857,1
3858,3
3859,3
3860,1
3861,3
3862,3
3863,3
3864,3
3865,1
3866,2
3867,2
3868,3
3869,1
3870,1
3871,1
3872,1
3873,2
3874,3
3875,2
3876,1
3877,3
3878,3
3879,3
3880,3
3881,1
3882,2
3883,3
3884,1
3885,3
3886,3
3887,1
3888,2
3889,1
3890,1
3891,2
3892,3
3893,1
3894,3
3895,2
3896,2
3897,3
3898,2
3899,3
3900,3
3901,2
3902,1
3903,3
3904,1
3905,1
3906,2
3907,2
3908,1
3909,2
3910,2
3911,1
3912,1
3913,1
3914,3
3915,1
3916,3
3917,1
3918,3
3919,3
3920,3
3921,1
3922,1
3923,2
3924,3
3925,3
3926,3
3927,2
3928,1
3929,3
3930,3
3931,2
3932,3
3933,3
3934,3
3935,3
3936,3
3937,3
3938,1
3939,1
3940,2
3941,3
3942,3
3943,1
3944,1
3945,3
3946,3
3947,1
3948,1
3949,3
3950,3
3951,2
3952,1
3953,2
3954,2
3955,3
3956,3
3957,2
3958,3
3959,2
3960,3
3961,1
3962,2
3963,3
3964,2
3965,3
3966,3
3967,2
3968,3
3969,3
3970,1
3971,3
3972,2
3973,2
3974,3
3975,3
3976,2
3977,3
3978,3
3979,3
3980,2
3981,1
3982,1
3983,2
3984,2
3985,1
3986,2
3987,3
3988,1
3989,3
3990,3
3991,2
3992,3
3993,1
3994,1
3995,1
3996,1
3997,1
3998,1
3999,2
4000,3
4001,2
4002,3
4003,2
4004,1
4005,1
4006,3
4007,3
4008,2
4009,3
4010,3
4011,2
4012,3
4013,2
4014,1
4015,3
4016,2
4017,2
4018,1
4019,3
4020,2
4021,2
4022,2
4023,2
4024,2
4025,2
4026,1
4027,3
4028,3
4029,2
4030,1
4031,1
4032,1
4033,3
4034,2
4035,3
4036,2
4037,3
4038,1
4039,2
4040,2
4041,3
4042,1
4043,3
4044,2
4045,1
4046,2
4047,2
4048,2
4049,2
4050,3
4051,3
4052,1
4053,2
4054,3
4055,1
4056,2
4057,3
4058,3
4059,2
4060,3
4061,1
4062,3
4063,2
4064,2
4065,2
4066,3
4067,3
4068,1
4069,2
4070,1
4071,1
4072,1
4073,3
4074,3
4075,2
4076,1
4077,1
4078,1
4079,3
4080,2
4081,2
4082,1
4083,3
4084,1
4085,1
4086,2
4087,3
4088,1
4089,3
4090,2
4091,2
4092,3
4093,1
4094,1
4095,3
4096,2
4097,1
4098,1
4099,1
4100,1
4101,2
4102,3
4103,3
4104,3
4105,2
4106,1
4107,2
4108,2
4109,3
4110,2
4111,3
4112,2
4113,1
4114,3
4115,2
4116,2
4117,3
4118,2
4119,2
4120,3
4121,2
4122,3
4123,1
4124,3
4125,1
4126,1
4127,1
4128,2
4129,1
4130,1
4131,3
4132,2
4133,2
4134,1
4135,1
4136,1
4137,3
4138,2
4139,3
4140,3
4141,2
4142,2
4143,1
4144,2
4145,1
4146,3
4147,1
4148,2
4149,2
4150,1
4151,3
4152,1
4153,3
4154,2
4155,2
4156,3
4157,2
4158,2
4159,2
4160,2
4161,3
4162,2
4163,3
4164,3
4165,2
4166,1
4167,2
4168,2
4169,2
4170,2
4171,1
4172,3
4173,3
4174,3
4175,3
4176,1
4177,2
4178,1
4179,3
4180,2
4181,3
4182,1
4183,3
4184,2
4185,1
4186,1
4187,3
4188,3
4189,2
4190,3
4191,1
4192,1
4193,1
4194,3
4195,1
4196,2
4197,1
4198,1
4199,3
4200,2
4201,2
4202,1
4203,3
4204,2
4205,2
4206,1
4207,1
4208,1
4209,2
4210,1
4211,1
4212,2
4213,2
4214,2
4215,1
4216,2
4217,3
4218,2
4219,2
4220,2
4221,2
4222,2
4223,2
4224,1
4225,1
4226,1
4227,1
4228,2
4229,1
4230,2
4231,1
4232,3
4233,3
4234,3
4235,3
4236,3
4237,1
4238,1
4239,1
4240,2
4241,1
4242,3
4243,2
4244,3
4245,3
4246,1
4247,2
4248,2
4249,2
4250,3
4251,3
4252,3
4253,1
4254,2
4255,2
4256,2
4257,3
4258,1
4259,3
4260,1
4261,1
4262,2
4263,1
4264,1
4265,1
4266,1
4267,2
4268,2
4269,1
4270,1
4271,3
4272,3
4273,1
4274,3
4275,1
4276,3
4277,1
4278,3
4279,1
4280,2
4281,2
4282,2
4283,3
4284,1
4285,3
4286,3
4287,2
4288,3
4289,1
4290,2
4291,3
4292,1
4293,3
4294,3
4295,1
4296,1
4297,2
4298,3
4299,3
4300,2
4301,3
4302,2
4303,2
4304,1
4305,1
4306,2
4307,1
4308,1
4309,2
4310,1
4311,2
4312,3
4313,1
4314,3
4315,2
4316,3
4317,2
4318,3
4319,3
4320,1
4321,3
4322,3
4323,2
4324,3
4325,1
4326,3
4327,3
4328,2
4329,1
4330,1
4331,1
4332,1
4333,2
4334,1
4335,1
4336,3
4337,1
4338,3
4339,3
4340,1
4341,2
4342,1
4343,3
4344,2
4345,3
4346,3
4347,3
4348,1
4349,3
4350,2
4351,2
4352,2
4353,1
4354,2
4355,1
4356,3
4357,2
4358,3
4359,3
4360,3
4361,3
4362,1
4363,1
4364,3
4365,3
4366,2
4367,1
4368,2
4369,1
4370,2
4371,2
4372,1
4373,2
4374,2
4375,3
4376,1
4377,1
4378,1
4379,1
4380,1
4381,2
4382,2
4383,3
4384,2
4385,1
4386,3
4387,1
4388,2
4389,1
4390,3
4391,2
4392,3
4393,3
4394,2
4395,3
4396,1
4397,2
4398,3
4399,1
4400,3
4401,2
4402,1
4403,3
4404,1
4405,1
4406,1
4407,1
4408,3
4409,1
4410,1
4411,3
4412,2
4413,2
4414,1
4415,3
4416,1
4417,3
4418,3
4419,1
4420,3
4421,1
4422,3
4423,3
4424,2
4425,1
4426,2
4427,3
4428,3
4429,3
4430,1
4431,2
4432,1
4433,3
4434,2
4435,3
4436,2
4437,1
4438,3
4439,3
4440,1
4441,1
4442,1
4443,2
4444,3
4445,3
4446,1
4447,1
4448,3
4449,2
4450,1
4451,2
4452,2
4453,1
4454,1
4455,1
4456,3
4457,3
4458,2
4459,2
4460,1
4461,2
4462,2
4463,1
4464,3
4465,3
4466,3
4467,2
4468,1
4469,3
4470,1
4471,1
4472,1
4473,1
4474,1
4475,2
4476,3
4477,3
4478,2
4479,2
4480,3
4481,3
4482,1
4483,3
4484,1
4485,1
4486,3
4487,1
4488,1
4489,3
4490,2
4491,2
4492,2
4493,1
4494,3
4495,3
4496,1
4497,3
4498,1
4499,1
4500,3
4501,2
4502,2
4503,2
4504,1
4505,1
4506,2
4507,2
4508,2
4509,1
4510,3
4511,3
4512,2
4513,1
4514,2
4515,2
4516,3
4517,3
4518,2
4519,3
4520,3
4521,1
4522,2
4523,3
4524,3
4525,3
4526,1
4527,2
4528,3
4529,3
4530,3
4531,2
4532,3
4533,2
4534,1
4535,1
4536,1
4537,2
4538,2
4539,2
4540,3
4541,1
4542,3
4543,3
4544,2
4545,1
4546,2
4547,3
4548,3
4549,3
4550,3
4551,2
4552,2
4553,2
4554,3
4555,1
4556,2
4557,3
4558,2
4559,3
4560,1
4561,2
4562,1
4563,1
4564,3
4565,3
4566,1
4567,1
4568,2
4569,1
4570,2
4571,2
4572,1
4573,3
4574,1
4575,3
4576,2
4577,1
4578,3
4579,3
4580,2
4581,3
4582,2
4583,2
4584,3
4585,3
4586,3
4587,3
4588,1
4589,1
4590,2
4591,3
4592,3
4593,1
4594,2
4595,2
4596,3
4597,1
4598,3
4599,1
4600,1
4601,1
4602,3
4603,1
4604,2
4605,2
4606,1
4607,2
4608,1
4609,2
4610,2
4611,3
4612,3
4613,3
4614,3
4615,2
4616,1
4617,3
4618,2
4619,1
4620,1
4621,3
4622,2
4623,3
4624,2
4625,3
4626,3
4627,1
4628,2
4629,1
4630,3
4631,2
4632,1
4633,2
4634,1
4635,2
4636,1
4637,1
4638,1
4639,2
4640,3
4641,2
4642,3
4643,1
4644,1
4645,1
4646,3
4647,2
4648,3
4649,2
4650,3
4651,2
4652,3
4653,1
4654,3
4655,3
4656,1
4657,1
4658,2
4659,3
4660,3
4661,3
4662,2
4663,3
4664,1
4665,1
4666,3
4667,1
4668,3
4669,1
4670,1
4671,1
4672,3
4673,3
4674,2
4675,2
4676,2
4677,2
4678,1
4679,3
4680,1
4681,2
4682,3
4683,1
4684,2
4685,3
4686,1
4687,3
4688,1
4689,3
4690,3
4691,1
4692,1
4693,2
4694,1
4695,1
4696,1
4697,2
4698,3
4699,2
4700,2
4701,3
4702,3
4703,2
4704,1
4705,3
4706,2
4707,2
4708,1
4709,1
4710,2
4711,3
4712,1
4713,2
4714,1
4715,2
4716,3
4717,2
4718,1
4719,2
4720,2
4721,2
4722,3
4723,1
4724,3
4725,1
4726,3
4727,1
4728,2
4729,2
4730,1
4731,3
4732,1
4733,2
4734,3
4735,3
4736,1
4737,3
4738,2
4739,3
4740,2
4741,2
4742,2
4743,2
4744,2
4745,2
4746,3
4747,2
4748,2
4749,3
4750,1
4751,2
4752,2
4753,2
4754,1
4755,1
4756,1
4757,2
4758,1
4759,1
4760,3
4761,1
4762,2
4763,3
4764,3
4765,3
4766,2
4767,3
4768,2
4769,1
4770,1
4771,1
4772,1
4773,2
4774,2
4775,3
4776,2
4777,1
4778,2
4779,1
4780,3
4781,1
4782,1
4783,3
4784,1
4785,3
4786,2
4787,1
4788,1
4789,2
4790,1
4791,1
4792,3
4793,2
4794,2
4795,3
4796,2
4797,2
4798,3
4799,3
4800,1
4801,3
4802,3
4803,2
4804,3
4805,1
4806,2
4807,2
4808,2
4809,2
4810,1
4811,1
4812,1
4813,3
4814,2
4815,2
4816,3
4817,2
4818,2
4819,1
4820,2
4821,2
4822,2
4823,3
4824,3
4825,3
4826,2
4827,3
4828,3
4829,1
4830,3
4831,2
4832,2
4833,2
4834,1
4835,3
4836,2
4837,3
4838,1
4839,3
4840,2
4841,3
4842,3
4843,1
4844,1
4845,1
4846,1
4847,1
4848,1
4849,1
4850,3
4851,1
4852,2
4853,3
4854,1
4855,1
4856,2
4857,3
4858,1
4859,1
4860,2
4861,2
4862,2
4863,2
4864,2
4865,1
4866,3
4867,3
4868,1
4869,3
4870,3
4871,3
4872,1
4873,2
4874,2
4875,2
4876,1
4877,2
4878,2
4879,2
4880,2
4881,3
4882,2
4883,1
4884,2
4885,2
4886,1
4887,3
4888,1
4889,2
4890,3
4891,2
4892,2
4893,1
4894,1
4895,1
4896,1
4897,3
4898,2
4899,2
4900,3
4901,1
4902,3
4903,2
4904,2
4905,1
4906,2
4907,2
4908,1
4909,2
4910,2
4911,2
4912,3
4913,2
4914,3
4915,1
4916,1
4917,2
4918,1
4919,3
4920,1
4921,3
4922,1
4923,2
4924,3
4925,3
4926,1
4927,3
4928,1
4929,3
4930,3
4931,2
4932,2
4933,2
4934,1
4935,2
4936,3
4937,2
4938,2
4939,3
4940,1
4941,1
4942,3
4943,2
4944,1
4945,3
4946,1
4947,1
4948,3
4949,3
4950,3
4951,1
4952,3
4953,1
4954,1
4955,3
4956,1
4957,2
4958,2
4959,1
4960,2
4961,1
4962,2
4963,2
4964,3
4965,1
4966,3
4967,1
4968,1
4969,2
4970,1
4971,3
4972,3
4973,3
4974,3
4975,1
4976,2
4977,3
4978,1
4979,2
4980,1
4981,3
4982,2
4983,3
4984,1
4985,3
4986,3
4987,2
4988,1
4989,3
4990,3
4991,2
4992,2
4993,2
4994,3
4995,2
4996,2
4997,1
4998,2
4999,2
5000,1
5001,3
5002,2
5003,2
5004,2
5005,1
5006,3
5007,1
5008,2
5009,3
5010,3
5011,2
5012,1
5013,1
5014,1
5015,1
5016,2
5017,3
5018,3
5019,2
5020,2
5021,1
5022,2
5023,2
5024,1
5025,1
5026,1
5027,1
5028,1
5029,1
5030,1
5031,1
5032,1
5033,2
5034,1
5035,3
5036,1
5037,1
5038,1
5039,2
5040,2
5041,1
5042,1
5043,2
5044,2
5045,1
5046,3
5047,3
5048,1
5049,1
5050,3
5051,2
5052,2
5053,2
5054,2
5055,1
5056,3
5057,3
5058,1
5059,2
5060,3
5061,3
5062,2
5063,1
5064,2
5065,3
5066,1
5067,1
5068,1
5069,3
5070,3
5071,3
5072,1
5073,2
5074,3
5075,1
5076,1
5077,3
5078,1
5079,1
5080,2
5081,1
5082,2
5083,3
5084,1
5085,3
5086,3
5087,2
5088,1
5089,1
5090,2
5091,1
5092,3
5093,2
5094,3
5095,1
5096,2
5097,1
5098,1
5099,3
5100,3
5101,3
5102,2
5103,1
5104,2
5105,2
5106,2
5107,1
5108,2
5109,3
5110,1
5111,3
5112,1
5113,2
5114,3
5115,3
5116,2
5117,2
5118,3
5119,1
5120,1
5121,1
5122,2
5123,1
5124,2
5125,1
5126,2
5127,1
5128,3
5129,1
5130,3
5131,3
5132,1
5133,2
5134,3
5135,2
5136,1
5137,3
5138,1
5139,3
5140,3
5141,3
5142,3
5143,1
5144,1
5145,3
5146,3
5147,1
5148,3
5149,1
5150,1
5151,3
5152,2
5153,3
5154,3
5155,2
5156,1
5157,1
5158,1
5159,1
5160,2
5161,1
5162,3
5163,3
5164,1
5165,3
5166,1
5167,2
5168,3
5169,3
5170,1
5171,2
5172,2
5173,3
5174,3
5175,2
5176,3
5177,1
5178,2
5179,2
5180,1
5181,1
5182,1
5183,1
5184,3
5185,3
5186,1
5187,2
5188,3
5189,2
5190,1
5191,1
5192,1
5193,3
5194,3
5195,3
5196,3
5197,2
5198,2
5199,3
5200,2
5201,1
5202,1
5203,1
5204,3
5205,2
5206,1
5207,2
5208,2
5209,1
5210,1
5211,3
5212,3
5213,2
5214,3
5215,1
5216,1
5217,1
5218,3
5219,2
5220,2
5221,1
5222,3
5223,1
5224,2
5225,1
5226,3
5227,2
5228,1
5229,3
5230,3
5231,3
5232,2
5233,3
5234,1
5235,2
5236,1
5237,2
5238,2
5239,2
5240,1
5241,3
5242,3
5243,2
5244,2
5245,1
5246,3
5247,2
5248,3
5249,3
5250,1
5251,3
5252,3
5253,1
5254,3
5255,2
5256,3
5257,3
5258,2
5259,1
5260,3
5261,2
5262,2
5263,2
5264,3
5265,1
5266,3
5267,2
5268,1
5269,2
5270,3
5271,3
5272,2
5273,1
5274,3
5275,2
5276,3
5277,2
5278,3
5279,2
5280,1
5281,2
5282,3
5283,3
5284,1
5285,3
5286,3
5287,2
5288,3
5289,3
5290,2
5291,3
5292,1
5293,2
5294,2
5295,3
5296,2
5297,1
5298,2
5299,3
5300,2
5301,1
5302,1
5303,3
5304,1
5305,1
5306,1
5307,3
5308,3
5309,2
5310,2
5311,2
5312,2
5313,1
5314,2
5315,2
5316,3
5317,2
5318,2
5319,1
5320,3
5321,1
5322,1
5323,1
5324,3
5325,3
5326,2
5327,1
5328,2
5329,2
5330,2
5331,3
5332,2
5333,3
5334,2
5335,1
5336,2
5337,1
5338,3
5339,1
5340,3
5341,1
5342,3
5343,1
5344,3
5345,2
5346,1
5347,1
5348,3
5349,2
5350,3
5351,2
5352,1
5353,2
5354,2
5355,3
5356,2
5357,3
5358,2
5359,1
5360,1
5361,2
5362,3
5363,1
5364,1
5365,1
5366,1
5367,2
5368,2
5369,1
5370,2
5371,3
5372,3
5373,2
5374,1
5375,1
5376,1
5377,1
5378,3
5379,3
5380,2
5381,3
5382,1
5383,1
5384,1
5385,3
5386,2
5387,1
5388,1
5389,2
5390,2
5391,3
5392,1
5393,2
5394,2
5395,2
5396,3
5397,2
5398,2
5399,2
5400,3
5401,1
5402,3
5403,3
5404,2
5405,1
5406,1
5407,3
5408,1
5409,1
5410,3
5411,2
5412,3
5413,3
5414,2
5415,1
5416,1
5417,2
5418,2
5419,3
5420,3
5421,2
5422,1
5423,1
5424,1
5425,3
5426,2
5427,2
5428,1
5429,3
5430,3
5431,2
5432,1
5433,2
5434,1
5435,3
5436,3
5437,3
5438,2
5439,3
5440,3
5441,1
5442,1
5443,1
5444,3
5445,3
5446,3
5447,2
5448,1
5449,1
5450,2
5451,1
5452,1
5453,3
5454,3
5455,2
5456,3
5457,3
5458,3
5459,2
5460,3
5461,1
5462,1
5463,2
5464,1
5465,1
5466,2
5467,3
5468,3
5469,1
5470,3
5471,3
5472,2
5473,2
5474,2
5475,2
5476,2
5477,1
5478,3
5479,1
5480,1
5481,2
5482,3
5483,2
5484,1
5485,3
5486,3
5487,1
5488,2
5489,3
5490,1
5491,1
5492,2
5493,3
5494,2
5495,2
5496,3
5497,1
5498,3
5499,2
5500,3
5501,2
5502,2
5503,3
5504,1
5505,2
5506,1
5507,3
5508,3
5509,2
5510,3
5511,3
5512,2
5513,3
5514,3
5515,2
5516,3
5517,1
5518,2
5519,1
5520,2
5521,3
5522,1
5523,3
5524,3
5525,2
5526,1
5527,3
5528,3
5529,2
5530,2
5531,3
5532,2
5533,3
5534,1
5535,3
5536,1
5537,1
5538,2
5539,3
5540,3
5541,3
5542,2
5543,2
5544,1
5545,1
5546,1
5547,1
5548,1
5549,3
5550,1
5551,2
5552,3
5553,1
5554,1
5555,1
5556,3
5557,2
5558,1
5559,3
5560,3
5561,2
5562,2
5563,2
5564,2
5565,3
5566,1
5567,2
5568,3
5569,2
5570,1
5571,1
5572,3
5573,2
5574,1
5575,3
5576,1
5577,1
5578,1
5579,2
5580,1
5581,1
5582,2
5583,1
5584,1
5585,2
5586,3
5587,3
5588,2
5589,1
5590,3
5591,2
5592,3
5593,3
5594,2
5595,2
5596,3
5597,3
5598,2
5599,3
5600,1
5601,3
5602,3
5603,2
5604,1
5605,1
5606,3
5607,1
5608,2
5609,2
5610,2
5611,1
5612,3
5613,3
5614,1
5615,2
5616,3
5617,1
5618,3
5619,2
5620,1
5621,2
5622,2
5623,1
5624,1
5625,1
5626,2
5627,2
5628,3
5629,3
5630,1
5631,3
5632,2
5633,1
5634,2
5635,1
5636,3
5637,3
5638,2
5639,1
5640,3
5641,3
5642,3
5643,2
5644,1
5645,3
5646,1
5647,3
5648,1
5649,2
5650,3
5651,2
5652,1
5653,3
5654,2
5655,3
5656,3
5657,1
5658,2
5659,1
5660,3
5661,3
5662,1
5663,3
5664,1
5665,2
5666,1
5667,2
5668,3
5669,1
5670,1
5671,2
5672,1
5673,3
5674,2
5675,3
5676,2
5677,3
5678,2
5679,3
5680,3
5681,3
5682,2
5683,1
5684,2
5685,2
5686,2
5687,1
5688,2
5689,3
5690,3
5691,3
5692,2
5693,2
5694,2
5695,2
5696,1
5697,3
5698,1
5699,3
5700,1
5701,3
5702,1
5703,3
5704,1
5705,3
5706,3
5707,3
5708,1
5709,1
5710,1
5711,3
5712,1
5713,2
5714,3
5715,1
5716,1
5717,2
5718,1
5719,2
5720,3
5721,2
5722,3
5723,3
5724,3
5725,1
5726,2
5727,2
5728,1
5729,2
5730,3
5731,1
5732,2
5733,1
5734,3
5735,1
5736,1
5737,3
5738,1
5739,1
5740,3
5741,2
5742,3
5743,2
5744,3
5745,3
5746,3
5747,3
5748,2
5749,2
5750,2
5751,3
5752,2
5753,3
5754,2
5755,2
5756,2
5757,1
5758,3
5759,1
5760,2
5761,2
5762,3
5763,3
5764,1
5765,2
5766,2
5767,2
5768,2
5769,2
5770,3
5771,3
5772,3
5773,1
5774,2
5775,2
5776,2
5777,3
5778,2
5779,1
5780,2
5781,1
5782,2
5783,3
5784,3
5785,3
5786,3
5787,1
5788,3
5789,2
5790,1
5791,3
5792,1
5793,2
5794,2
5795,1
5796,3
5797,3
5798,3
5799,2
5800,3
5801,1
5802,3
5803,2
5804,2
5805,1
5806,3
5807,2
5808,1
5809,2
5810,1
5811,3
5812,1
5813,2
5814,1
5815,2
5816,1
5817,1
5818,1
5819,1
5820,2
5821,3
5822,2
5823,2
5824,2
5825,2
5826,3
5827,2
5828,3
5829,3
5830,3
5831,3
5832,2
5833,2
5834,1
5835,1
5836,1
5837,2
5838,2
5839,1
5840,2
5841,3
5842,2
5843,1
5844,2
5845,2
5846,1
5847,2
5848,3
5849,3
5850,1
5851,3
5852,1
5853,2
5854,3
5855,1
5856,2
5857,1
5858,1
5859,2
5860,1
5861,3
5862,2
5863,3
5864,3
5865,2
5866,1
5867,3
5868,3
5869,3
5870,3
5871,2
5872,2
5873,3
5874,3
5875,3
5876,2
5877,3
5878,1
5879,1
5880,2
5881,2
5882,2
5883,1
5884,3
5885,2
5886,1
5887,1
5888,3
5889,3
5890,2
5891,3
5892,3
5893,1
5894,2
5895,1
5896,1
5897,3
5898,1
5899,2
5900,1
5901,3
5902,2
5903,1
5904,1
5905,2
5906,3
5907,1
5908,1
5909,2
5910,1
5911,1
5912,3
5913,1
5914,2
5915,1
5916,2
5917,1
5918,3
5919,2
5920,2
5921,3
5922,2
5923,2
5924,2
5925,1
5926,1
5927,3
5928,1
5929,2
5930,1
5931,1
5932,1
5933,3
5934,3
5935,2
5936,1
5937,2
5938,1
5939,2
5940,3
5941,2
5942,1
5943,2
5944,2
5945,2
5946,2
5947,3
5948,2
5949,2
5950,2
5951,1
5952,3
5953,3
5954,3
5955,3
5956,3
5957,1
5958,1
5959,3
5960,3
5961,1
5962,2
5963,3
5964,3
5965,2
5966,1
5967,1
5968,3
5969,3
5970,1
5971,3
5972,1
5973,2
5974,2
5975,2
5976,1
5977,1
5978,2
5979,3
5980,2
5981,2
5982,3
5983,3
5984,3
5985,2
5986,1
5987,2
5988,1
5989,3
5990,2
5991,1
5992,3
5993,1
5994,2
5995,1
5996,2
5997,2
5998,2
5999,3
6000,3
6001,2
6002,1
6003,3
6004,2
6005,1
6006,3
6007,2
6008,1
6009,3
6010,2
6011,2
6012,1
6013,2
6014,2
6015,2
6016,2
6017,2
6018,2
6019,1
6020,1
6021,1
6022,2
6023,1
6024,3
6025,3
6026,2
6027,3
6028,3
6029,3
6030,3
6031,2
6032,1
6033,1
6034,1
6035,3
6036,2
6037,2
6038,2
6039,1
6040,3
6041,2
6042,3
6043,2
6044,1
6045,2
6046,3
6047,1
6048,2
6049,2
6050,3
6051,1
6052,2
6053,2
6054,1
6055,1
6056,3
6057,1
6058,2
6059,3
6060,3
6061,2
6062,1
6063,1
6064,3
6065,3
6066,1
6067,1
6068,1
6069,3
6070,2
6071,1
6072,1
6073,2
6074,1
6075,2
6076,2
6077,1
6078,3
6079,3
6080,2
6081,3
6082,2
6083,2
6084,3
6085,3
6086,3
6087,1
6088,1
6089,3
6090,2
6091,1
6092,3
6093,2
6094,3
6095,3
6096,3
6097,1
6098,3
6099,1
6100,1
6101,1
6102,1
6103,1
6104,1
6105,2
6106,3
6107,3
6108,2
6109,3
6110,3
6111,1
6112,2
6113,1
6114,1
6115,3
6116,1
6117,3
6118,2
6119,3
6120,2
6121,1
6122,3
6123,2
6124,3
6125,1
6126,1
6127,3
6128,3
6129,3
6130,1
6131,1
6132,1
6133,2
6134,1
6135,2
6136,2
6137,3
6138,3
6139,2
6140,2
6141,1
6142,1
6143,2
6144,2
6145,2
6146,2
6147,1
6148,3
6149,3
6150,1
6151,1
6152,2
6153,3
6154,3
6155,1
6156,2
6157,3
6158,3
6159,2
6160,2
6161,2
6162,1
6163,3
6164,1
6165,3
6166,2
6167,3
6168,3
6169,2
6170,3
6171,3
6172,3
6173,3
6174,1
6175,2
6176,3
6177,1
6178,3
6179,1
6180,2
6181,1
6182,1
6183,1
6184,1
6185,2
6186,2
6187,3
6188,1
6189,1
6190,2
6191,2
6192,2
6193,1
6194,3
6195,1
6196,1
6197,2
6198,1
6199,2
6200,3
6201,2
6202,2
6203,3
6204,1
6205,2
6206,3
6207,1
6208,2
6209,3
6210,3
6211,3
6212,3
6213,3
6214,2
6215,1
6216,1
6217,1
6218,3
6219,3
6220,1
6221,2
6222,3
6223,1
6224,3
6225,3
6226,3
6227,2
6228,2
6229,3
6230,1
6231,1
6232,2
6233,2
6234,3
6235,1
6236,3
6237,3
6238,1
6239,2
6240,3
6241,3
6242,3
6243,1
6244,3
6245,2
6246,2
6247,3
6248,3
6249,2
6250,1
6251,3
6252,2
6253,3
6254,3
6255,3
6256,1
6257,3
6258,3
6259,1
6260,1
6261,1
6262,1
6263,2
6264,2
6265,2
6266,2
6267,2
6268,1
6269,2
6270,1
6271,3
6272,2
6273,1
6274,2
6275,3
6276,2
6277,2
6278,2
6279,3
6280,3
6281,3
6282,2
6283,3
6284,2
6285,3
6286,3
6287,3
6288,3
6289,3
6290,2
6291,1
6292,2
6293,3
6294,1
6295,1
6296,1
6297,3
6298,1
6299,3
6300,3
6301,1
6302,1
6303,2
6304,3
6305,1
6306,1
6307,2
6308,1
6309,2
6310,3
6311,1
6312,1
6313,3
6314,1
6315,2
6316,2
6317,2
6318,2
6319,2
6320,1
6321,1
6322,2
6323,3
6324,2
6325,1
6326,3
6327,3
6328,1
6329,2
6330,1
6331,3
6332,3
6333,2
6334,2
6335,3
6336,2
6337,2
6338,1
6339,1
6340,2
6341,3
6342,2
6343,2
6344,3
6345,1
6346,3
6347,1
6348,1
6349,3
6350,1
6351,3
6352,1
6353,2
6354,3
6355,2
6356,1
6357,1
6358,2
6359,1
6360,1
6361,2
6362,3
6363,1
6364,1
6365,3
6366,3
6367,1
6368,1
6369,3
6370,3
6371,1
6372,3
6373,2
6374,1
6375,1
6376,2
6377,1
6378,2
6379,2
6380,1
6381,2
6382,3
6383,3
6384,2
6385,1
6386,1
6387,2
6388,3
6389,3
6390,2
6391,1
6392,2
6393,2
6394,2
6395,1
6396,1
6397,3
6398,3
6399,3
6400,1
6401,2
6402,1
6403,1
6404,2
6405,2
6406,3
6407,1
6408,2
6409,2
6410,2
6411,1
6412,2
6413,2
6414,2
6415,3
6416,3
6417,1
6418,2
6419,1
6420,3
6421,2
6422,2
6423,2
6424,2
6425,2
6426,1
6427,1
6428,1
6429,2
6430,3
6431,3
6432,3
6433,3
6434,3
6435,3
6436,3
6437,1
6438,2
6439,2
6440,2
6441,2
6442,2
6443,1
6444,3
6445,3
6446,3
6447,1
6448,3
6449,3
6450,1
6451,1
6452,3
6453,3
6454,1
6455,2
6456,1
6457,3
6458,1
6459,2
6460,3
6461,3
6462,1
6463,2
6464,2
6465,2
6466,2
6467,3
6468,2
6469,1
6470,2
6471,2
6472,1
6473,1
6474,1
6475,2
6476,1
6477,1
6478,1
6479,1
6480,3
6481,1
6482,3
6483,1
6484,2
6485,3
6486,2
6487,1
6488,2
6489,2
6490,1
6491,2
6492,3
6493,1
6494,1
6495,2
6496,3
6497,3
6498,3
6499,3
6500,1
6501,2
6502,1
6503,3
6504,3
6505,1
6506,1
6507,1
6508,3
6509,2
6510,2
6511,2
6512,1
6513,3
6514,2
6515,1
6516,1
6517,1
6518,2
6519,2
6520,3
6521,2
6522,1
6523,3
6524,3
6525,1
6526,3
6527,1
6528,3
6529,3
6530,2
6531,3
6532,2
6533,3
6534,2
6535,1
6536,2
6537,1
6538,2
6539,3
6540,3
6541,1
6542,1
6543,1
6544,2
6545,2
6546,2
6547,2
6548,1
6549,1
6550,2
6551,2
6552,3
6553,1
6554,1
6555,3
6556,1
6557,1
6558,1
6559,3
6560,1
6561,1
6562,2
6563,3
6564,2
6565,3
6566,3
6567,3
6568,1
6569,1
6570,2
6571,3
6572,1
6573,3
6574,3
6575,2
6576,2
6577,1
6578,2
6579,2
6580,2
6581,3
6582,2
6583,1
6584,3
6585,3
6586,1
6587,1
6588,1
6589,3
6590,1
6591,3
6592,2
6593,3
6594,3
6595,3
6596,2
6597,1
6598,1
6599,2
6600,2
6601,3
6602,1
6603,1
6604,1
6605,3
6606,3
6607,1
6608,2
6609,3
6610,3
6611,3
6612,3
6613,3
6614,1
6615,3
6616,1
6617,3
6618,2
6619,1
6620,1
6621,1
6622,1
6623,2
6624,2
6625,3
6626,3
6627,1
6628,2
6629,3
6630,3
6631,2
6632,1
6633,2
6634,1
6635,1
6636,2
6637,2
6638,1
6639,1
6640,2
6641,3
6642,2
6643,3
6644,2
6645,3
6646,3
6647,1
6648,2
6649,2
6650,1
6651,3
6652,3
6653,3
6654,3
6655,2
6656,2
6657,3
6658,1
6659,3
6660,2
6661,1
6662,1
6663,1
6664,3
6665,1
6666,1
6667,2
6668,3
6669,2
6670,3
6671,1
6672,2
6673,3
6674,3
6675,2
6676,2
6677,1
6678,1
6679,1
6680,2
6681,1
6682,2
6683,2
6684,3
6685,1
6686,2
6687,1
6688,3
6689,3
6690,1
6691,2
6692,1
6693,1
6694,2
6695,3
6696,3
6697,1
6698,3
6699,1
6700,3
6701,2
6702,3
6703,1
6704,1
6705,2
6706,2
6707,1
6708,2
6709,1
6710,3
6711,2
6712,1
6713,2
6714,3
6715,2
6716,3
6717,1
6718,1
6719,1
6720,2
6721,2
6722,1
6723,2
6724,1
6725,2
6726,2
6727,3
6728,1
6729,1
6730,1
6731,2
6732,1
6733,2
6734,2
6735,2
6736,3
6737,1
6738,3
6739,2
6740,3
6741,3
6742,2
6743,2
6744,1
6745,2
6746,2
6747,2
6748,3
6749,2
6750,1
6751,3
6752,2
6753,2
6754,1
6755,2
6756,2
6757,1
6758,1
6759,3
6760,3
6761,3
6762,2
6763,2
6764,2
6765,1
6766,1
6767,1
6768,3
6769,3
6770,1
6771,3
6772,1
6773,1
6774,2
6775,2
6776,2
6777,3
6778,1
6779,2
6780,2
6781,1
6782,2
6783,1
6784,1
6785,1
6786,3
6787,2
6788,3
6789,3
6790,2
6791,1
6792,3
6793,2
6794,2
6795,3
6796,2
6797,1
6798,1
6799,3
6800,3
6801,1
6802,1
6803,3
6804,3
6805,1
6806,3
6807,3
6808,1
6809,1
6810,1
6811,1
6812,1
6813,3
6814,2
6815,1
6816,2
6817,2
6818,3
6819,2
6820,1
6821,1
6822,1
6823,3
6824,3
6825,2
6826,1
6827,1
6828,2
6829,3
6830,3
6831,2
6832,3
6833,1
6834,2
6835,1
6836,2
6837,2
6838,1
6839,3
6840,1
6841,1
6842,1
6843,1
6844,1
6845,2
6846,3
6847,1
6848,3
6849,1
6850,2
6851,2
6852,1
6853,1
6854,1
6855,1
6856,1
6857,2
6858,2
6859,3
6860,2
6861,1
6862,3
6863,3
6864,3
6865,1
6866,2
6867,2
6868,2
6869,3
6870,3
6871,1
6872,3
6873,1
6874,1
6875,3
6876,3
6877,2
6878,2
6879,2
6880,2
6881,2
6882,1
6883,3
6884,1
6885,2
6886,2
6887,2
6888,1
6889,2
6890,1
6891,3
6892,2
6893,2
6894,3
6895,3
6896,3
6897,3
6898,1
6899,1
6900,2
6901,1
6902,3
6903,3
6904,1
6905,2
6906,1
6907,1
6908,2
6909,2
6910,2
6911,2
6912,3
6913,2
6914,3
6915,1
6916,2
6917,3
6918,1
6919,1
6920,2
6921,1
6922,2
6923,2
6924,2
6925,1
6926,2
6927,2
6928,3
6929,3
6930,3
6931,1
6932,3
6933,3
6934,3
6935,3
6936,1
6937,3
6938,1
6939,2
6940,3
6941,3
6942,2
6943,1
6944,1
6945,3
6946,2
6947,3
6948,3
6949,3
6950,2
6951,3
6952,1
6953,3
6954,1
6955,2
6956,3
6957,3
6958,1
6959,1
6960,2
6961,3
6962,3
6963,1
6964,1
6965,3
6966,1
6967,1
6968,2
6969,1
6970,1
6971,2
6972,1
6973,2
6974,3
6975,1
6976,2
6977,2
6978,1
6979,2
6980,1
6981,2
6982,3
6983,2
6984,3
6985,1
6986,2
6987,1
6988,2
6989,2
6990,1
6991,3
6992,3
6993,2
6994,1
6995,3
6996,3
6997,2
6998,3
6999,2
7000,1
7001,3
7002,3
7003,3
7004,1
7005,2
7006,2
7007,3
7008,3
7009,3
7010,3
7011,1
7012,1
7013,1
7014,2
7015,2
7016,2
7017,2
7018,3
7019,3
7020,1
7021,2
7022,3
7023,2
7024,1
7025,3
7026,3
7027,2
7028,2
7029,3
7030,3
7031,2
7032,1
7033,1
7034,1
7035,1
7036,2
7037,2
7038,3
7039,3
7040,1
7041,3
7042,3
7043,3
7044,3
7045,3
7046,3
7047,2
7048,1
7049,1
7050,3
7051,3
7052,2
7053,2
7054,2
7055,2
7056,3
7057,1
7058,3
7059,1
7060,2
7061,2
7062,3
7063,1
7064,1
7065,3
7066,1
7067,2
7068,2
7069,2
7070,2
7071,2
7072,3
7073,3
7074,1
7075,2
7076,2
7077,1
7078,3
7079,3
7080,2
7081,2
7082,3
7083,3
7084,2
7085,2
7086,1
7087,3
7088,3
7089,2
7090,2
7091,2
7092,2
7093,1
7094,1
7095,2
7096,2
7097,1
7098,3
7099,2
7100,2
7101,3
7102,1
7103,3
7104,3
7105,2
7106,3
7107,1
7108,3
7109,2
7110,1
7111,1
7112,2
7113,3
7114,2
7115,3
7116,2
7117,2
7118,2
7119,2
7120,1
7121,3
7122,1
7123,3
7124,2
7125,1
7126,3
7127,3
7128,2
7129,2
7130,1
7131,3
7132,1
7133,2
7134,1
7135,2
7136,2
7137,2
7138,1
7139,3
7140,2
7141,3
7142,3
7143,3
7144,1
7145,3
7146,2
7147,1
7148,2
7149,2
7150,1
7151,3
7152,2
7153,1
7154,3
7155,1
7156,3
7157,1
7158,2
7159,2
7160,3
7161,1
7162,2
7163,2
7164,3
7165,3
7166,1
7167,2
7168,3
7169,1
7170,2
7171,1
7172,2
7173,1
7174,1
7175,2
7176,1
7177,1
7178,1
7179,2
7180,3
7181,1
7182,1
7183,1
7184,1
7185,3
7186,2
7187,1
7188,1
7189,1
7190,1
7191,1
7192,1
7193,1
7194,2
7195,1
7196,3
7197,3
7198,1
7199,1
7200,1
7201,3
7202,1
7203,2
7204,3
7205,2
7206,2
7207,2
7208,2
7209,3
7210,2
7211,3
7212,2
7213,1
7214,3
7215,1
7216,1
7217,1
7218,1
7219,3
7220,2
7221,3
7222,3
7223,2
7224,1
7225,2
7226,1
7227,3
7228,3
7229,3
7230,3
7231,2
7232,2
7233,2
7234,3
7235,3
7236,3
7237,2
7238,3
7239,2
7240,2
7241,2
7242,3
7243,3
7244,3
7245,3
7246,1
7247,1
7248,3
7249,2
7250,3
7251,1
7252,1
7253,1
7254,3
7255,2
7256,3
7257,3
7258,3
7259,3
7260,1
7261,1
7262,3
7263,3
7264,3
7265,1
7266,1
7267,3
7268,2
7269,3
7270,3
7271,2
7272,2
7273,3
7274,3
7275,3
7276,2
7277,1
7278,1
7279,2
7280,1
7281,1
7282,3
7283,3
7284,2
7285,2
7286,1
7287,3
7288,3
7289,2
7290,1
7291,1
7292,1
7293,2
7294,3
7295,2
7296,3
7297,2
7298,2
7299,2
7300,3
7301,2
7302,3
7303,3
7304,1
7305,2
7306,3
7307,3
7308,1
7309,1
7310,1
7311,2
7312,3
7313,2
7314,1
7315,3
7316,2
7317,1
7318,1
7319,1
7320,1
7321,3
7322,3
7323,1
7324,2
7325,3
7326,2
7327,2
7328,3
7329,3
7330,3
7331,1
7332,1
7333,2
7334,2
7335,1
7336,2
7337,1
7338,2
7339,3
7340,2
7341,1
7342,3
7343,2
7344,3
7345,2
7346,2
7347,1
7348,1
7349,2
7350,1
7351,1
7352,2
7353,2
7354,2
7355,1
7356,2
7357,2
7358,2
7359,3
7360,3
7361,3
7362,3
7363,1
7364,2
7365,2
7366,1
7367,1
7368,2
7369,3
7370,2
7371,1
7372,2
7373,1
7374,2
7375,3
7376,3
7377,2
7378,1
7379,3
7380,2
7381,3
7382,1
7383,1
7384,3
7385,3
7386,3
7387,1
7388,3
7389,2
7390,3
7391,3
7392,2
7393,1
7394,3
7395,2
7396,2
7397,1
7398,1
7399,1
7400,1
7401,1
7402,1
7403,3
7404,3
7405,3
7406,3
7407,2
7408,3
7409,2
7410,2
7411,1
7412,2
7413,3
7414,1
7415,2
7416,3
7417,2
7418,3
7419,3
7420,2
7421,2
7422,2
7423,3
7424,3
7425,2
7426,3
7427,3
7428,1
7429,3
7430,1
7431,3
7432,1
7433,2
7434,1
7435,3
7436,1
7437,3
7438,2
7439,3
7440,1
7441,3
7442,3
7443,3
7444,1
7445,2
7446,2
7447,1
7448,3
7449,2
7450,1
7451,1
7452,3
7453,2
7454,2
7455,1
7456,1
7457,3
7458,3
7459,1
7460,3
7461,3
7462,1
7463,3
7464,2
7465,2
7466,2
7467,3
7468,1
7469,1
7470,3
7471,1
7472,2
7473,1
7474,2
7475,1
7476,2
7477,3
7478,2
7479,3
7480,2
7481,1
7482,3
7483,2
7484,1
7485,2
7486,3
7487,3
7488,2
7489,2
7490,1
7491,1
7492,1
7493,3
7494,1
7495,2
7496,3
7497,1
7498,1
7499,2
7500,1
